Anno;Mese;Zona;Incidenti;Morti;Feriti
2001;8;2;64;2;88
2001;8;3;112;0;167
2001;8;4;84;0;117
2001;8;5;87;2;137
2001;8;6;64;1;88
2001;8;7;84;0;127
2001;8;8;117;0;155
2001;8;9;127;1;176
2001;9;;50;0;82
2001;9;1;182;0;248
2001;9;2;106;0;146
2001;9;3;182;0;261
2001;9;4;155;1;229
2001;9;5;154;1;218
2001;9;6;116;2;150
2001;9;7;168;0;230
2001;9;8;188;0;250
2001;9;9;190;2;261
2001;10;;64;0;91
2001;10;1;216;1;285
2001;10;2;101;0;138
2001;10;3;225;1;311
2001;10;4;177;1;233
2001;10;5;143;0;188
2001;10;6;149;0;203
2001;10;7;181;0;235
2001;10;8;192;1;257
2001;10;9;227;2;321
2001;11;;66;0;87
2001;11;1;206;0;279
2001;11;2;99;1;152
2001;11;3;211;1;285
2001;11;4;159;2;223
2001;11;5;147;1;194
2001;11;6;126;0;165
2001;11;7;143;1;192
2001;11;8;213;0;286
2001;11;9;213;0;307
2001;12;;53;0;81
2001;12;1;187;0;238
2001;12;2;97;0;116
2001;12;3;162;0;239
2001;12;4;136;1;181
2001;12;5;152;1;213
2001;12;6;125;1;197
2001;12;7;153;1;214
2001;12;8;184;1;250
2001;12;9;207;0;272
2002;1;;41;0;51
2002;1;1;148;1;201
2002;1;2;81;1;110
2002;1;3;149;1;208
2002;1;4;126;2;183
2002;1;5;130;0;182
2002;1;6;125;1;169
2002;1;7;114;0;151
2002;1;8;153;1;219
2002;1;9;169;0;225
2002;2;;54;0;73
2002;2;1;144;2;189
2002;2;2;83;0;105
2002;2;3;153;1;193
2002;2;4;112;2;148
2002;2;5;112;2;162
2002;2;6;101;2;132
2002;2;7;119;0;167
2002;2;8;144;1;196
2002;2;9;170;1;229
2002;3;;50;0;82
2002;3;1;192;0;258
2002;3;2;97;0;133
2002;3;3;190;1;264
2002;3;4;119;0;167
2002;3;5;146;1;197
2002;3;6;135;0;217
2002;3;7;134;0;172
2002;3;8;166;0;237
2002;3;9;206;1;294
2002;4;;55;0;79
2002;4;1;168;2;211
2002;4;2;110;0;170
2002;4;3;180;0;266
2002;4;4;140;1;201
2002;4;5;138;2;201
2002;4;6;122;0;156
2002;4;7;151;0;241
2002;4;8;186;4;251
2002;4;9;189;1;263
2002;5;;63;1;84
2002;5;1;198;0;243
2002;5;2;120;0;182
2002;5;3;208;0;282
2002;5;4;169;1;229
2002;5;5;157;1;216
2002;5;6;119;0;153
2002;5;7;178;1;265
2002;5;8;185;2;245
2002;5;9;229;0;314
2002;6;;61;0;80
2002;6;1;168;1;209
2002;6;2;90;0;110
2002;6;3;211;0;294
2002;6;4;155;2;221
2002;6;5;166;1;206
2002;6;6;134;0;207
2002;6;7;161;0;214
2002;6;8;169;2;232
2002;6;9;204;1;274
2002;7;;87;2;125
2002;7;1;183;0;238
2002;7;2;119;0;153
2002;7;3;206;0;277
2002;7;4;172;1;227
2002;7;5;135;2;197
2002;7;6;147;0;204
2002;7;7;175;0;240
2002;7;8;220;1;291
2002;7;9;247;2;335
2002;8;;40;0;57
2002;8;1;84;0;117
2002;8;2;61;0;95
2002;8;3;109;0;163
2002;8;4;76;0;105
2002;8;5;73;1;110
2002;8;6;50;0;70
2002;8;7;90;1;125
2002;8;8;85;1;120
2002;8;9;124;2;179
2002;9;;53;0;73
2002;9;1;211;0;260
2002;9;2;105;1;151
2002;9;3;185;0;237
2002;9;4;154;1;210
2002;9;5;145;0;209
2002;9;6;135;1;184
2002;9;7;154;1;208
2002;9;8;205;1;286
2002;9;9;189;0;264
2002;10;;64;0;86
2002;10;1;225;0;296
2002;10;2;135;2;171
2002;10;3;235;0;324
2002;10;4;179;1;239
2002;10;5;135;0;192
2002;10;6;147;0;189
2002;10;7;190;0;239
2002;10;8;228;1;298
2002;10;9;240;1;353
2002;11;;57;2;79
2002;11;1;250;1;327
2002;11;2;131;0;174
2002;11;3;197;0;276
2002;11;4;183;1;234
2002;11;5;157;1;228
2002;11;6;138;1;185
2002;11;7;166;1;243
2002;11;8;223;1;309
2002;11;9;198;0;270
2002;12;;60;0;87
2002;12;1;206;0;271
2002;12;2;140;0;191
2002;12;3;162;0;225
2002;12;4;128;0;181
2002;12;5;115;1;176
2002;12;6;122;0;166
2002;12;7;142;0;185
2002;12;8;183;0;294
2002;12;9;165;0;232
2003;1;;45;0;84
2003;1;1;168;1;235
2003;1;2;94;0;125
2003;1;3;156;0;215
2003;1;4;108;0;145
2003;1;5;120;0;160
2003;1;6;87;0;125
2003;1;7;130;1;186
2003;1;8;162;0;227
2003;1;9;166;0;232
2003;2;;48;0;70
2003;2;1;145;0;168
2003;2;2;94;0;128
2003;2;3;147;0;213
2003;2;4;129;0;187
2003;2;5;113;2;146
2003;2;6;84;1;126
2003;2;7;111;0;146
2003;2;8;142;1;206
2003;2;9;133;1;188
2003;3;;57;0;85
2003;3;1;170;0;218
2003;3;2;101;0;134
2003;3;3;167;1;229
2003;3;4;159;0;194
2003;3;5;159;2;229
2003;3;6;118;2;163
2003;3;7;157;0;228
2003;3;8;181;1;242
2003;3;9;210;2;323
2003;4;;68;0;87
2003;4;1;180;0;238
2003;4;2;97;1;140
2003;4;3;170;1;225
2003;4;4;131;0;183
2003;4;5;142;3;200
2003;4;6;124;0;171
2003;4;7;136;0;198
2003;4;8;165;0;198
2003;4;9;194;0;261
2003;5;;74;1;91
2003;5;1;213;0;260
2003;5;2;112;2;153
2003;5;3;207;1;301
2003;5;4;180;1;244
2003;5;5;167;2;222
2003;5;6;136;1;189
2003;5;7;192;0;257
2003;5;8;211;1;277
2003;5;9;257;1;364
2003;6;;68;1;89
2003;6;1;189;0;228
2003;6;2;101;1;135
2003;6;3;188;0;238
2003;6;4;170;0;222
2003;6;5;152;2;213
2003;6;6;136;1;180
2003;6;7;199;3;273
2003;6;8;194;2;256
2003;6;9;230;2;329
2003;7;;55;0;62
2003;7;1;175;0;207
2003;7;2;99;0;126
2003;7;3;171;0;220
2003;7;4;147;1;178
2003;7;5;130;1;167
2003;7;6;135;0;183
2003;7;7;142;2;189
2003;7;8;181;0;243
2003;7;9;188;0;231
2003;8;;24;0;24
2003;8;1;64;0;77
2003;8;2;53;2;68
2003;8;3;92;0;131
2003;8;4;70;2;99
2003;8;5;55;0;79
2003;8;6;57;0;78
2003;8;7;87;0;122
2003;8;8;87;0;119
2003;8;9;110;1;164
2003;9;;57;0;77
2003;9;1;181;0;233
2003;9;2;86;0;116
2003;9;3;188;1;263
2003;9;4;116;0;161
2003;9;5;138;1;184
2003;9;6;119;0;148
2003;9;7;181;1;230
2003;9;8;172;3;212
2003;9;9;166;3;215
2003;10;;61;0;88
2003;10;1;222;0;268
2003;10;2;116;1;145
2003;10;3;234;0;315
2003;10;4;171;2;231
2003;10;5;146;0;199
2003;10;6;142;0;183
2003;10;7;190;0;251
2003;10;8;213;1;284
2003;10;9;211;1;282
2003;11;;50;1;66
2003;11;1;182;1;225
2003;11;2;88;0;125
2003;11;3;167;0;228
2003;11;4;127;0;171
2003;11;5;155;0;196
2003;11;6;135;0;179
2003;11;7;174;2;229
2003;11;8;162;2;203
2003;11;9;197;1;291
2003;12;;64;0;90
2003;12;1;167;0;221
2003;12;2;119;0;161
2003;12;3;174;0;224
2003;12;4;115;0;155
2003;12;5;151;0;201
2003;12;6;98;0;133
2003;12;7;169;0;224
2003;12;8;164;0;220
2003;12;9;185;0;249
2004;1;;39;0;61
2004;1;1;151;1;172
2004;1;2;84;0;117
2004;1;3;162;0;205
2004;1;4;115;1;156
2004;1;5;119;0;163
2004;1;6;101;1;146
2004;1;7;118;1;170
2004;1;8;151;2;204
2004;1;9;171;0;241
2004;2;;42;0;55
2004;2;1;144;1;165
2004;2;2;68;0;93
2004;2;3;136;0;172
2004;2;4;112;0;165
2004;2;5;126;1;189
2004;2;6;97;1;135
2004;2;7;114;0;164
2004;2;8;136;1;186
2004;2;9;157;1;215
2004;3;;55;0;75
2004;3;1;171;0;229
2004;3;2;90;0;121
2004;3;3;170;0;218
2004;3;4;120;1;151
2004;3;5;123;1;174
2004;3;6;96;0;143
2004;3;7;128;0;162
2004;3;8;159;0;225
2004;3;9;186;0;244
2004;4;;66;0;91
2004;4;1;165;0;214
2004;4;2;88;1;124
2004;4;3;177;0;226
2004;4;4;134;1;187
2004;4;5;134;0;195
2004;4;6;115;0;143
2004;4;7;166;2;230
2004;4;8;158;0;220
2004;4;9;188;2;256
2004;5;;63;0;76
2004;5;1;214;0;292
2004;5;2;110;1;142
2004;5;3;195;1;259
2004;5;4;151;0;190
2004;5;5;157;2;223
2004;5;6;129;1;164
2004;5;7;157;0;217
2004;5;8;189;3;239
2004;5;9;213;1;297
2004;6;;58;2;74
2004;6;1;172;2;206
2004;6;2;94;1;129
2004;6;3;206;0;280
2004;6;4;170;1;211
2004;6;5;174;2;232
2004;6;6;136;1;178
2004;6;7;179;1;245
2004;6;8;199;0;263
2004;6;9;189;1;304
2004;7;;71;0;91
2004;7;1;169;0;208
2004;7;2;96;0;135
2004;7;3;216;0;295
2004;7;4;142;3;192
2004;7;5;157;1;210
2004;7;6;103;0;131
2004;7;7;162;0;203
2004;7;8;201;0;264
2004;7;9;212;0;274
2004;8;;30;0;37
2004;8;1;56;0;76
2004;8;2;64;0;98
2004;8;3;101;0;137
2004;8;4;58;0;84
2004;8;5;78;0;106
2004;8;6;60;0;71
2004;8;7;63;1;88
2004;8;8;79;0;100
2004;8;9;110;1;150
2004;9;;66;1;88
2004;9;1;177;0;221
2004;9;2;113;0;156
2004;9;3;182;0;248
2004;9;4;146;1;174
2004;9;5;137;2;190
2004;9;6;106;0;132
2004;9;7;161;1;223
2004;9;8;184;0;257
2004;9;9;188;1;267
2004;10;;73;0;100
2004;10;1;223;2;278
2004;10;2;118;0;165
2004;10;3;243;1;321
2004;10;4;177;1;226
2004;10;5;149;2;200
2004;10;6;127;1;165
2004;10;7;157;1;196
2004;10;8;222;0;297
2004;10;9;221;1;308
2004;11;;59;0;80
2004;11;1;159;0;200
2004;11;2;79;0;117
2004;11;3;203;0;267
2004;11;4;135;0;194
2004;11;5;130;2;187
2004;11;6;106;0;149
2004;11;7;115;1;144
2004;11;8;179;1;256
2004;11;9;210;4;277
2004;12;;60;0;84
2004;12;1;157;0;200
2004;12;2;97;1;135
2004;12;3;164;0;238
2004;12;4;119;0;153
2004;12;5;139;3;193
2004;12;6;111;1;159
2004;12;7;130;1;169
2004;12;8;194;1;245
2004;12;9;185;0;271
2005;1;;41;0;56
2005;1;1;125;1;159
2005;1;2;76;0;111
2005;1;3;151;1;203
2005;1;4;108;0;139
2005;1;5;111;1;164
2005;1;6;97;1;137
2005;1;7;97;0;144
2005;1;8;130;4;175
2005;1;9;132;0;194
2005;2;;50;0;64
2005;2;1;146;2;193
2005;2;2;75;0;104
2005;2;3;139;0;196
2005;2;4;112;1;136
2005;2;5;120;1;173
2005;2;6;87;2;130
2005;2;7;87;1;119
2005;2;8;134;3;178
2005;2;9;148;0;200
2005;3;;57;0;82
2005;3;1;133;1;157
2005;3;2;75;0;100
2005;3;3;150;1;210
2005;3;4;100;2;123
2005;3;5;129;1;169
2005;3;6;101;1;130
2005;3;7;126;1;170
2005;3;8;167;1;217
2005;3;9;147;2;206
2005;4;;59;0;82
2005;4;1;166;1;209
2005;4;2;73;0;90
2005;4;3;145;0;195
2005;4;4;146;1;193
2005;4;5;138;2;205
2005;4;6;123;0;149
2005;4;7;141;0;185
2005;4;8;132;1;173
2005;4;9;186;0;256
2005;5;;79;0;95
2005;5;1;210;1;278
2005;5;2;102;1;138
2005;5;3;193;1;249
2005;5;4;152;1;206
2005;5;5;118;0;163
2005;5;6;109;0;140
2005;5;7;166;1;224
2005;5;8;201;1;249
2005;5;9;210;1;296
2005;6;;61;0;78
2005;6;1;162;1;200
2005;6;2;98;0;128
2005;6;3;185;0;241
2005;6;4;118;1;168
2005;6;5;142;0;218
2005;6;6;116;0;147
2005;6;7;142;0;198
2005;6;8;216;0;287
2005;6;9;196;2;264
2005;7;;61;2;80
2005;7;1;156;0;194
2005;7;2;101;0;130
2005;7;3;195;1;257
2005;7;4;166;0;224
2005;7;5;151;0;222
2005;7;6;110;0;136
2005;7;7;153;2;195
2005;7;8;160;0;219
2005;7;9;172;0;242
2005;8;;39;0;51
2005;8;1;79;0;111
2005;8;2;65;0;94
2005;8;3;106;2;139
2005;8;4;76;1;97
2005;8;5;87;0;120
2005;8;6;66;0;87
2005;8;7;83;1;104
2005;8;8;77;0;102
2005;8;9;118;0;164
2005;9;;64;0;96
2005;9;1;172;1;209
2005;9;2;99;1;129
2005;9;3;153;1;201
2005;9;4;127;1;183
2005;9;5;124;1;175
2005;9;6;119;1;157
2005;9;7;144;0;188
2005;9;8;157;4;203
2005;9;9;183;0;246
2005;10;;64;0;89
2005;10;1;193;1;257
2005;10;2;107;0;162
2005;10;3;162;1;192
2005;10;4;123;0;166
2005;10;5;140;1;195
2005;10;6;96;0;120
2005;10;7;163;0;204
2005;10;8;155;1;201
2005;10;9;205;3;285
2005;11;;79;2;124
2005;11;1;180;1;221
2005;11;2;89;0;128
2005;11;3;171;0;234
2005;11;4;152;0;197
2005;11;5;133;0;180
2005;11;6;116;0;147
2005;11;7;133;1;181
2005;11;8;225;1;305
2005;11;9;177;0;237
2005;12;;62;1;84
2005;12;1;145;0;202
2005;12;2;63;0;94
2005;12;3;130;0;192
2005;12;4;99;0;137
2005;12;5;119;0;181
2005;12;6;92;1;120
2005;12;7;123;2;156
2005;12;8;144;2;186
2005;12;9;142;2;208
2006;1;;50;1;62
2006;1;1;183;1;222
2006;1;2;76;0;103
2006;1;3;154;0;208
2006;1;4;102;0;145
2006;1;5;114;0;160
2006;1;6;87;0;111
2006;1;7;136;3;180
2006;1;8;143;3;197
2006;1;9;162;0;240
2006;2;;40;2;52
2006;2;1;100;2;124
2006;2;2;63;1;109
2006;2;3;120;1;154
2006;2;4;107;2;145
2006;2;5;88;0;123
2006;2;6;71;1;88
2006;2;7;105;3;128
2006;2;8;116;3;149
2006;2;9;130;0;177
2006;3;;79;0;105
2006;3;1;147;0;193
2006;3;2;79;0;96
2006;3;3;163;0;211
2006;3;4;153;0;205
2006;3;5;126;1;176
2006;3;6;86;1;133
2006;3;7;116;1;152
2006;3;8;184;1;234
2006;3;9;163;0;214
2006;4;;48;1;61
2006;4;1;163;2;205
2006;4;2;100;0;137
2006;4;3;141;0;200
2006;4;4;108;0;165
2006;4;5;102;1;139
2006;4;6;108;0;137
2006;4;7;115;0;155
2006;4;8;145;0;209
2006;4;9;144;1;195
2006;5;;71;1;102
2006;5;1;183;0;229
2006;5;2;99;0;145
2006;5;3;158;1;210
2006;5;4;143;1;198
2006;5;5;140;2;194
2006;5;6;132;0;165
2006;5;7;124;0;150
2006;5;8;191;0;243
2006;5;9;170;1;246
2006;6;;62;0;79
2006;6;1;171;0;213
2006;6;2;103;0;137
2006;6;3;171;1;219
2006;6;4;147;1;195
2006;6;5;138;4;180
2006;6;6;114;0;147
2006;6;7;163;1;216
2006;6;8;194;0;256
2006;6;9;202;0;283
2006;7;;60;0;74
2006;7;1;157;0;206
2006;7;2;92;0;121
2006;7;3;174;1;233
2006;7;4;123;1;177
2006;7;5;124;2;165
2006;7;6;109;0;144
2006;7;7;141;3;185
2006;7;8;188;3;249
2006;7;9;174;4;249
2006;8;;29;0;40
2006;8;1;69;0;80
2006;8;2;59;0;88
2006;8;3;80;0;109
2006;8;4;75;0;122
2006;8;5;54;1;73
2006;8;6;49;1;71
2006;8;7;85;1;129
2006;8;8;74;1;93
2006;8;9;108;1;175
2006;9;;50;0;73
2006;9;1;143;0;180
2006;9;2;89;1;120
2006;9;3;171;1;229
2006;9;4;128;0;186
2006;9;5;118;1;161
2006;9;6;107;0;135
2006;9;7;102;0;137
2006;9;8;186;1;249
2006;9;9;169;0;232
2006;10;;62;0;82
2006;10;1;173;1;220
2006;10;2;96;0;121
2006;10;3;158;1;192
2006;10;4;162;1;221
2006;10;5;166;1;224
2006;10;6;131;1;169
2006;10;7;127;1;166
2006;10;8;211;1;277
2006;10;9;185;1;257
2006;11;;68;0;91
2006;11;1;175;0;221
2006;11;2;92;0;129
2006;11;3;184;1;256
2006;11;4;150;0;220
2006;11;5;124;0;174
2006;11;6;106;1;147
2006;11;7;138;0;179
2006;11;8;181;1;234
2006;11;9;218;1;299
2006;12;;56;0;73
2006;12;1;145;0;197
2006;12;2;63;0;92
2006;12;3;147;2;197
2006;12;4;129;1;182
2006;12;5;103;0;134
2006;12;6;104;1;135
2006;12;7;144;0;189
2006;12;8;183;3;235
2006;12;9;191;0;266
2007;1;;53;0;62
2007;1;1;143;0;182
2007;1;2;89;1;115
2007;1;3;156;0;212
2007;1;4;86;1;120
2007;1;5;94;1;130
2007;1;6;87;0;119
2007;1;7;111;0;146
2007;1;8;151;1;199
2007;1;9;153;0;194
2007;2;;36;1;51
2007;2;1;127;0;156
2007;2;2;65;0;97
2007;2;3;125;3;170
2007;2;4;96;1;127
2007;2;5;114;0;157
2007;2;6;101;1;160
2007;2;7;123;1;162
2007;2;8;150;0;204
2007;2;9;121;1;179
2007;3;;59;0;75
2007;3;1;152;1;198
2007;3;2;69;2;90
2007;3;3;140;1;183
2007;3;4;124;1;157
2007;3;5;132;1;190
2007;3;6;130;3;166
2007;3;7;120;1;159
2007;3;8;169;0;210
2007;3;9;176;2;247
2007;4;;52;0;61
2007;4;1;112;1;154
2007;4;2;79;1;104
2007;4;3;142;2;190
2007;4;4;115;1;163
2007;4;5;124;1;178
2007;4;6;116;0;160
2007;4;7;132;0;183
2007;4;8;139;0;194
2007;4;9;180;0;256
2007;5;;60;0;77
2007;5;1;173;0;228
2007;5;2;113;0;141
2007;5;3;144;0;189
2007;5;4;134;3;194
2007;5;5;126;1;164
2007;5;6;120;0;161
2007;5;7;143;0;190
2007;5;8;160;2;214
2007;5;9;211;0;286
2007;6;;55;1;76
2007;6;1;148;2;190
2007;6;2;84;2;113
2007;6;3;176;0;242
2007;6;4;128;0;167
2007;6;5;128;0;164
2007;6;6;118;1;164
2007;6;7;160;1;227
2007;6;8;158;1;200
2007;6;9;160;0;235
2007;7;;40;0;52
2007;7;1;157;0;192
2007;7;2;101;2;135
2007;7;3;176;0;228
2007;7;4;146;1;203
2007;7;5;141;1;186
2007;7;6;132;1;172
2007;7;7;124;1;164
2007;7;8;146;3;205
2007;7;9;173;0;260
2007;8;;26;0;35
2007;8;1;67;0;85
2007;8;2;44;0;68
2007;8;3;72;0;94
2007;8;4;63;2;89
2007;8;5;77;0;107
2007;8;6;60;2;85
2007;8;7;55;0;65
2007;8;8;84;1;119
2007;8;9;90;2;137
2007;9;;47;0;56
2007;9;1;154;0;184
2007;9;2;84;0;112
2007;9;3;168;1;227
2007;9;4;131;0;170
2007;9;5;142;1;194
2007;9;6;111;0;146
2007;9;7;130;1;169
2007;9;8;165;1;207
2007;9;9;175;0;250
2007;10;;45;0;58
2007;10;1;180;0;231
2007;10;2;92;0;117
2007;10;3;157;0;208
2007;10;4;145;0;183
2007;10;5;126;1;149
2007;10;6;121;2;143
2007;10;7;144;4;181
2007;10;8;176;1;229
2007;10;9;184;1;251
2007;11;;53;0;73
2007;11;1;164;0;210
2007;11;2;86;0;117
2007;11;3;149;2;189
2007;11;4;105;0;131
2007;11;5;121;1;182
2007;11;6;121;2;156
2007;11;7;144;2;184
2007;11;8;171;1;234
2007;11;9;188;0;255
2007;12;;48;0;65
2007;12;1;146;0;183
2007;12;2;68;0;84
2007;12;3;130;0;167
2007;12;4;110;0;147
2007;12;5;107;1;142
2007;12;6;85;0;109
2007;12;7;109;0;162
2007;12;8;133;0;193
2007;12;9;145;0;196
2008;1;;36;2;55
2008;1;1;100;1;136
2008;1;2;62;0;88
2008;1;3;125;0;171
2008;1;4;108;1;145
2008;1;5;88;0;143
2008;1;6;78;1;104
2008;1;7;92;0;122
2008;1;8;157;2;222
2008;1;9;144;0;208
2008;2;;43;1;61
2008;2;1;135;1;211
2008;2;2;81;0;106
2008;2;3;142;0;190
2008;2;4;110;0;149
2008;2;5;104;0;145
2008;2;6;80;2;104
2008;2;7;101;1;136
2008;2;8;132;0;175
2008;2;9;151;1;211
2008;3;;31;0;42
2008;3;1;138;0;171
2008;3;2;88;0;124
2008;3;3;151;1;221
2008;3;4;102;0;142
2008;3;5;120;1;164
2008;3;6;107;1;143
2008;3;7;116;0;159
2008;3;8;161;0;212
2008;3;9;164;3;243
2008;4;;48;0;67
2008;4;1;130;1;161
2008;4;2;101;0;132
2008;4;3;146;0;182
2008;4;4;114;0;168
2008;4;5;124;1;172
2008;4;6;109;0;147
2008;4;7;133;0;180
2008;4;8;163;1;219
2008;4;9;143;1;202
2008;5;;42;2;54
2008;5;1;113;0;148
2008;5;2;81;0;126
2008;5;3;159;1;216
2008;5;4;115;1;151
2008;5;5;106;0;151
2008;5;6;98;1;134
2008;5;7;151;2;210
2008;5;8;143;3;197
2008;5;9;136;1;187
2008;6;;47;0;62
2008;6;1;124;0;162
2008;6;2;87;0;115
2008;6;3;159;1;205
2008;6;4;134;0;191
2008;6;5;108;1;152
2008;6;6;102;2;135
2008;6;7;142;1;189
2008;6;8;147;0;190
2008;6;9;155;1;222
2008;7;;42;1;57
2008;7;1;132;0;164
2008;7;2;80;0;103
2008;7;3;171;0;221
2008;7;4;104;1;131
2008;7;5;119;2;152
2008;7;6;101;0;143
2008;7;7;136;0;176
2008;7;8;147;1;185
2008;7;9;146;0;198
2008;8;;23;0;29
2008;8;1;42;2;56
2008;8;2;34;0;41
2008;8;3;63;0;95
2008;8;4;57;0;71
2008;8;5;65;2;92
2008;8;6;47;0;60
2008;8;7;69;0;101
2008;8;8;79;0;105
2008;8;9;96;0;128
2008;9;;36;1;45
2008;9;1;157;0;199
2008;9;2;76;0;102
2008;9;3;126;1;179
2008;9;4;125;0;176
2008;9;5;132;3;175
2008;9;6;114;1;170
2008;9;7;134;1;176
2008;9;8;151;0;185
2008;9;9;147;1;197
2008;10;;58;0;82
2008;10;1;157;0;212
2008;10;2;84;0;103
2008;10;3;182;2;221
2008;10;4;137;1;176
2008;10;5;144;1;229
2008;10;6;129;2;159
2008;10;7;123;0;179
2008;10;8;187;0;234
2008;10;9;177;1;220
2008;11;;55;0;71
2008;11;1;165;0;199
2008;11;2;86;0;110
2008;11;3;162;0;222
2008;11;4;115;0;152
2008;11;5;116;1;138
2008;11;6;93;0;121
2008;11;7;117;0;154
2008;11;8;161;1;213
2008;11;9;161;0;214
2008;12;;37;1;51
2008;12;1;109;0;133
2008;12;2;56;0;73
2008;12;3;129;1;178
2008;12;4;101;1;128
2008;12;5;83;0;117
2008;12;6;74;0;103
2008;12;7;111;2;148
2008;12;8;119;0;161
2008;12;9;143;1;189
2009;1;;33;0;45
2009;1;1;114;0;141
2009;1;2;56;0;78
2009;1;3;103;0;135
2009;1;4;69;0;87
2009;1;5;83;0;122
2009;1;6;75;0;105
2009;1;7;98;0;133
2009;1;8;88;0;126
2009;1;9;134;1;176
2009;2;;31;0;42
2009;2;1;103;1;127
2009;2;2;52;0;75
2009;2;3;104;0;141
2009;2;4;75;2;90
2009;2;5;69;0;106
2009;2;6;83;0;108
2009;2;7;92;1;120
2009;2;8;105;1;143
2009;2;9;112;1;144
2009;3;;55;1;69
2009;3;1;159;0;191
2009;3;2;68;0;91
2009;3;3;130;0;178
2009;3;4;110;0;142
2009;3;5;115;0;168
2009;3;6;94;0;118
2009;3;7;129;0;171
2009;3;8;136;0;162
2009;3;9;133;1;185
2009;4;;52;1;75
2009;4;1;121;1;154
2009;4;2;66;0;99
2009;4;3;122;0;169
2009;4;4;103;0;133
2009;4;5;109;2;156
2009;4;6;95;0;126
2009;4;7;96;0;120
2009;4;8;134;1;172
2009;4;9;146;1;211
2009;5;;32;0;41
2009;5;1;144;0;179
2009;5;2;88;0;115
2009;5;3;157;0;190
2009;5;4;116;0;145
2009;5;5;110;0;153
2009;5;6;118;0;156
2009;5;7;150;1;197
2009;5;8;160;1;198
2009;5;9;145;0;191
2009;6;;34;0;46
2009;6;1;134;0;175
2009;6;2;89;0;120
2009;6;3;137;0;189
2009;6;4;143;1;199
2009;6;5;123;2;175
2009;6;6;113;2;149
2009;6;7;124;0;172
2009;6;8;178;0;238
2009;6;9;164;2;223
2009;7;;52;0;68
2009;7;1;147;0;175
2009;7;2;80;0;108
2009;7;3;130;1;177
2009;7;4;122;1;161
2009;7;5;119;1;157
2009;7;6;109;0;144
2009;7;7;126;0;161
2009;7;8;140;0;179
2009;7;9;142;0;196
2009;8;;27;0;32
2009;8;1;56;0;79
2009;8;2;31;0;42
2009;8;3;73;0;100
2009;8;4;65;1;101
2009;8;5;65;0;97
2009;8;6;53;1;75
2009;8;7;65;1;98
2009;8;8;77;1;101
2009;8;9;74;2;113
2009;9;;45;0;66
2009;9;1;144;0;182
2009;9;2;78;1;120
2009;9;3;131;0;176
2009;9;4;112;2;148
2009;9;5;107;0;151
2009;9;6;99;1;136
2009;9;7;126;1;148
2009;9;8;121;2;153
2009;9;9;166;0;228
2009;10;;53;1;75
2009;10;1;187;0;241
2009;10;2;96;1;143
2009;10;3;145;0;201
2009;10;4;136;1;184
2009;10;5;124;0;168
2009;10;6;114;0;151
2009;10;7;102;0;130
2009;10;8;159;0;211
2009;10;9;157;1;198
2009;11;;44;0;63
2009;11;1;149;0;196
2009;11;2;74;0;106
2009;11;3;158;0;212
2009;11;4;124;1;169
2009;11;5;125;1;172
2009;11;6;82;1;106
2009;11;7;115;1;146
2009;11;8;141;0;196
2009;11;9;138;1;182
2009;12;;36;0;50
2009;12;1;94;0;122
2009;12;2;66;0;88
2009;12;3;117;1;149
2009;12;4;91;0;127
2009;12;5;83;0;108
2009;12;6;85;0;108
2009;12;7;85;0;110
2009;12;8;121;1;175
2009;12;9;136;0;193
2010;1;;39;4;46
2010;1;1;108;0;141
2010;1;2;45;0;76
2010;1;3;104;1;140
2010;1;4;76;0;108
2010;1;5;58;0;83
2010;1;6;83;1;106
2010;1;7;82;1;103
2010;1;8;118;0;172
2010;1;9;116;0;163
2010;2;;30;0;40
2010;2;1;116;1;161
2010;2;2;58;0;69
2010;2;3;117;0;171
2010;2;4;65;1;86
2010;2;5;83;0;121
2010;2;6;73;0;97
2010;2;7;78;0;105
2010;2;8;98;2;129
2010;2;9;120;0;167
2010;3;;57;0;80
2010;3;1;127;0;158
2010;3;2;53;0;74
2010;3;3;140;1;198
2010;3;4;108;1;147
2010;3;5;113;0;143
2010;3;6;85;0;116
2010;3;7;104;1;131
2010;3;8;146;0;189
2010;3;9;174;1;235
2010;4;;48;0;70
2010;4;1;133;1;169
2010;4;2;70;0;86
2010;4;3;125;0;173
2010;4;4;119;2;161
2010;4;5;122;0;174
2010;4;6;109;0;148
2010;4;7;105;1;152
2010;4;8;138;0;183
2010;4;9;144;0;193
2010;5;;53;0;68
2010;5;1;147;1;179
2010;5;2;76;0;103
2010;5;3;138;0;195
2010;5;4;135;1;200
2010;5;5;123;1;158
2010;5;6;107;0;142
2010;5;7;106;1;143
2010;5;8;143;0;196
2010;5;9;126;0;168
2010;6;;53;0;76
2010;6;1;130;0;170
2010;6;2;75;1;98
2010;6;3;149;0;205
2010;6;4;122;1;155
2010;6;5;117;1;162
2010;6;6;87;0;115
2010;6;7;126;1;175
2010;6;8;140;0;169
2010;6;9;134;0;189
2010;7;;33;0;38
2010;7;1;121;0;167
2010;7;2;85;1;116
2010;7;3;135;1;185
2010;7;4;131;3;183
2010;7;5;107;1;143
2010;7;6;99;1;138
2010;7;7;99;0;125
2010;7;8;110;1;151
2010;7;9;153;1;204
2010;8;;27;0;40
2010;8;1;35;0;46
2010;8;2;37;0;53
2010;8;3;72;0;113
2010;8;4;49;0;70
2010;8;5;57;2;89
2010;8;6;47;0;65
2010;8;7;53;1;80
2010;8;8;79;0;99
2010;8;9;74;0;108
2010;9;;51;0;69
2010;9;1;121;0;154
2010;9;2;73;0;100
2010;9;3;114;0;145
2010;9;4;100;0;138
2010;9;5;106;0;135
2010;9;6;65;2;84
2010;9;7;106;0;134
2010;9;8;136;1;181
2010;9;9;150;2;207
2010;10;;46;0;64
2010;10;1;142;1;182
2010;10;2;76;0;96
2010;10;3;131;0;188
2010;10;4;130;0;192
2010;10;5;118;0;162
2010;10;6;76;0;99
2010;10;7;115;1;152
2010;10;8;131;0;164
2010;10;9;181;0;252
2010;11;;52;1;76
2010;11;1;166;0;201
2010;11;2;71;0;95
2010;11;3;124;0;157
2010;11;4;92;0;126
2010;11;5;112;0;162
2010;11;6;90;0;123
2010;11;7;107;0;141
2010;11;8;135;1;170
2010;11;9;126;1;178
2010;12;;46;0;69
2010;12;1;103;0;133
2010;12;2;48;0;61
2010;12;3;119;0;158
2010;12;4;90;0;132
2010;12;5;80;0;117
2010;12;6;81;0;102
2010;12;7;89;0;120
2010;12;8;119;2;148
2010;12;9;117;2;156
2011;1;;34;0;45
2011;1;1;82;1;110
2011;1;2;44;0;72
2011;1;3;75;0;119
2011;1;4;71;0;107
2011;1;5;75;1;110
2011;1;6;68;1;99
2011;1;7;67;0;83
2011;1;8;76;1;106
2011;1;9;109;0;147
2011;2;;46;1;70
2011;2;1;85;0;104
2011;2;2;57;0;83
2011;2;3;114;0;154
2011;2;4;67;1;87
2011;2;5;93;1;132
2011;2;6;83;0;105
2011;2;7;76;0;100
2011;2;8;102;0;136
2011;2;9;110;0;147
2011;3;;95;0;129
2011;3;1;105;0;131
2011;3;2;69;0;90
2011;3;3;112;0;145
2011;3;4;100;2;125
2011;3;5;80;0;115
2011;3;6;83;1;123
2011;3;7;105;2;150
2011;3;8;118;0;153
2011;3;9;128;0;190
2011;4;;180;0;236
2011;4;1;103;0;131
2011;4;2;72;0;93
2011;4;3;115;0;151
2011;4;4;88;0;112
2011;4;5;79;0;111
2011;4;6;100;0;136
2011;4;7;107;1;145
2011;4;8;96;0;119
2011;4;9;102;0;136
2011;5;;347;1;459
2011;5;1;105;0;133
2011;5;2;60;0;78
2011;5;3;110;0;138
2011;5;4;77;0;103
2011;5;5;62;0;92
2011;5;6;59;1;86
2011;5;7;99;0;136
2011;5;8;131;0;167
2011;5;9;127;1;159
2011;6;;356;2;475
2011;6;1;84;0;103
2011;6;2;51;0;60
2011;6;3;96;0;123
2011;6;4;68;0;90
2011;6;5;78;0;112
2011;6;6;76;1;100
2011;6;7;55;0;80
2011;6;8;53;0;71
2011;6;9;75;0;111
2011;7;;32;0;40
2011;7;1;97;0;117
2011;7;2;74;1;93
2011;7;3;129;0;172
2011;7;4;101;0;142
2011;7;5;81;0;115
2011;7;6;78;0;106
2011;7;7;99;0;143
2011;7;8;109;0;155
2011;7;9;133;0;175
2011;8;;27;0;31
2011;8;1;49;0;67
2011;8;2;33;0;39
2011;8;3;62;0;89
2011;8;4;49;0;64
2011;8;5;42;0;60
2011;8;6;44;1;54
2011;8;7;56;2;75
2011;8;8;61;1;87
2011;8;9;79;0;108
2011;9;;52;0;67
2011;9;1;148;0;182
2011;9;2;76;0;112
2011;9;3;134;0;166
2011;9;4;105;3;134
2011;9;5;127;2;169
2011;9;6;104;1;145
2011;9;7;135;0;185
2011;9;8;118;2;157
2011;9;9;146;0;203
2011;10;;45;1;61
2011;10;1;136;0;162
2011;10;2;81;0;106
2011;10;3;161;2;216
2011;10;4;103;0;143
2011;10;5;119;0;162
2011;10;6;105;1;141
2011;10;7;139;2;192
2011;10;8;130;1;156
2011;10;9;171;3;232
2011;11;;43;0;68
2011;11;1;149;0;188
2011;11;2;61;0;88
2011;11;3;123;2;156
2011;11;4;85;0;105
2011;11;5;97;0;156
2011;11;6;86;1;120
2011;11;7;106;1;142
2011;11;8;110;0;154
2011;11;9;106;0;155
2011;12;;31;0;35
2011;12;1;109;0;127
2001;1;;50;1;69
2001;1;1;171;0;209
2001;1;2;91;1;115
2001;1;3;141;1;187
2001;1;4;105;0;154
2001;1;5;118;0;173
2001;1;6;98;0;133
2001;1;7;140;3;186
2001;1;8;141;1;189
2001;1;9;178;1;275
2001;2;;41;0;59
2001;2;1;161;1;210
2001;2;2;90;1;136
2001;2;3;147;1;200
2001;2;4;122;1;165
2001;2;5;95;0;129
2001;2;6;104;1;139
2001;2;7;113;2;150
2001;2;8;159;3;213
2001;2;9;156;1;215
2001;3;;51;0;60
2001;3;1;190;1;245
2001;3;2;82;1;106
2001;3;3;178;1;260
2001;3;4;130;2;187
2001;3;5;151;1;237
2001;3;6;111;0;147
2001;3;7;156;0;214
2001;3;8;189;0;251
2001;3;9;181;1;270
2001;4;;47;1;63
2001;4;1;164;0;219
2001;4;2;110;1;141
2001;4;3;177;0;250
2001;4;4;161;1;233
2001;4;5;128;0;186
2001;4;6;95;1;130
2001;4;7;128;0;188
2001;4;8;158;1;221
2001;4;9;201;3;273
2001;5;;54;0;71
2001;5;1;205;0;267
2001;5;2;87;1;127
2001;5;3;207;1;287
2001;5;4;194;1;275
2001;5;5;152;0;204
2001;5;6;137;0;221
2001;5;7;192;1;271
2001;5;8;229;0;299
2001;5;9;240;0;331
2001;6;;53;1;81
2001;6;1;237;1;293
2001;6;2;137;0;186
2001;6;3;211;0;315
2001;6;4;178;1;247
2001;6;5;202;2;260
2001;6;6;156;0;197
2001;6;7;206;1;278
2001;6;8;222;2;307
2001;6;9;240;1;342
2001;7;;52;1;64
2001;7;1;203;0;258
2001;7;2;107;0;138
2001;7;3;223;2;301
2001;7;4;181;3;236
2001;7;5;164;0;240
2001;7;6;128;1;178
2001;7;7;164;1;218
2001;7;8;208;1;279
2001;7;9;227;0;311
2001;8;;24;0;37
2001;8;1;85;1;129
2012;12;6;65;0;86
2012;12;7;77;0;101
2012;12;8;100;1;120
2012;12;9;104;1;151
2013;1;;42;2;55
2013;1;1;72;0;100
2013;1;2;35;0;47
2013;1;3;95;0;117
2013;1;4;74;1;91
2013;1;5;68;0;91
2013;1;6;73;1;96
2013;1;7;66;0;86
2013;1;8;96;0;130
2013;1;9;86;0;130
2013;2;;48;0;61
2013;2;1;62;0;87
2013;2;2;45;0;62
2013;2;3;79;1;98
2013;2;4;77;0;95
2013;2;5;53;0;70
2013;2;6;75;0;105
2013;2;7;61;0;74
2013;2;8;73;0;93
2013;2;9;103;1;135
2013;3;;41;0;54
2013;3;1;88;0;111
2013;3;2;44;0;65
2013;3;3;99;0;151
2013;3;4;79;1;111
2013;3;5;90;0;127
2013;3;6;58;1;77
2013;3;7;71;0;83
2013;3;8;92;0;112
2013;3;9;93;0;120
2013;4;;37;0;42
2013;4;1;90;0;118
2013;4;2;44;0;56
2013;4;3;87;0;121
2013;4;4;64;1;87
2013;4;5;91;0;121
2013;4;6;76;0;100
2013;4;7;80;1;108
2013;4;8;113;0;150
2013;4;9;95;0;125
2013;5;;33;0;36
2013;5;1;115;1;143
2013;5;2;52;0;63
2013;5;3;111;0;149
2013;5;4;90;0;122
2013;5;5;74;0;101
2013;5;6;90;0;119
2013;5;7;100;0;132
2013;5;8;112;0;156
2013;5;9;109;0;147
2013;6;;45;0;57
2013;6;1;112;0;128
2013;6;2;64;0;85
2013;6;3;104;0;134
2013;6;4;98;0;135
2013;6;5;109;0;144
2013;6;6;94;0;129
2013;6;7;115;1;139
2013;6;8;96;1;138
2013;6;9;130;0;178
2013;7;;43;0;47
2013;7;1;114;0;143
2013;7;2;56;2;73
2013;7;3;92;0;107
2013;7;4;86;0;103
2013;7;5;91;0;120
2013;7;6;75;0;94
2013;7;7;81;0;114
2013;7;8;135;0;176
2013;7;9;107;0;143
2013;8;;34;0;49
2013;8;1;30;1;40
2013;8;2;30;0;38
2013;8;3;50;0;67
2013;8;4;48;0;65
2013;8;5;45;0;52
2013;8;6;38;0;49
2013;8;7;70;0;99
2013;8;8;63;0;87
2013;8;9;75;0;100
2013;9;;50;0;62
2013;9;1;112;0;142
2013;9;2;40;0;50
2013;9;3;109;0;144
2013;9;4;85;1;118
2013;9;5;82;0;110
2013;9;6;98;0;134
2013;9;7;78;0;98
2013;9;8;114;0;148
2013;9;9;102;1;136
2013;10;;51;0;68
2013;10;1;132;0;164
2013;10;2;68;0;87
2013;10;3;118;0;148
2013;10;4;99;0;135
2013;10;5;94;0;134
2013;10;6;92;3;121
2013;10;7;115;0;157
2013;10;8;100;1;149
2013;10;9;125;0;158
2013;11;;53;1;71
2013;11;1;117;0;148
2013;11;2;56;0;74
2013;11;3;104;1;127
2013;11;4;64;0;79
2013;11;5;82;0;99
2013;11;6;83;0;114
2013;11;7;92;0;128
2013;11;8;100;0;122
2013;11;9;107;2;130
2013;12;;54;0;74
2013;12;1;93;1;109
2013;12;2;50;0;70
2013;12;3;98;1;122
2013;12;4;68;0;92
2013;12;5;62;0;77
2013;12;6;70;0;99
2013;12;7;71;0;89
2013;12;8;111;1;147
2013;12;9;105;0;154
2011;12;2;63;0;85
2011;12;3;110;0;148
2011;12;4;88;1;123
2011;12;5;68;0;94
2011;12;6;75;0;120
2011;12;7;102;0;126
2011;12;8;112;0;158
2011;12;9;141;1;194
2012;1;;44;0;70
2012;1;1;133;0;162
2012;1;2;66;1;80
2012;1;3;102;0;126
2012;1;4;78;0;127
2012;1;5;70;0;89
2012;1;6;62;1;78
2012;1;7;105;1;146
2012;1;8;99;0;149
2012;1;9;125;2;168
2012;2;;36;0;47
2012;2;1;70;0;88
2012;2;2;50;0;69
2012;2;3;83;0;114
2012;2;4;82;0;106
2012;2;5;70;0;92
2012;2;6;58;1;74
2012;2;7;80;0;119
2012;2;8;81;0;109
2012;2;9;96;0;132
2012;3;;36;0;41
2012;3;1;127;0;153
2012;3;2;78;1;95
2012;3;3;112;0;138
2012;3;4;97;0;117
2012;3;5;83;0;127
2012;3;6;95;1;125
2012;3;7;97;0;130
2012;3;8;102;0;137
2012;3;9;126;1;175
2012;4;;40;0;63
2012;4;1;75;1;91
2012;4;2;73;1;89
2012;4;3;105;0;160
2012;4;4;82;0;116
2012;4;5;81;1;125
2012;4;6;74;1;92
2012;4;7;76;1;100
2012;4;8;99;0;133
2012;4;9;104;1;148
2012;5;;38;0;53
2012;5;1;130;0;164
2012;5;2;88;1;105
2012;5;3;129;0;171
2012;5;4;89;0;113
2012;5;5;108;0;140
2012;5;6;109;2;139
2012;5;7;104;2;140
2012;5;8;124;0;181
2012;5;9;128;0;178
2012;6;;39;0;50
2012;6;1;107;0;139
2012;6;2;71;0;85
2012;6;3;124;0;159
2012;6;4;101;0;131
2012;6;5;112;3;158
2012;6;6;88;2;114
2012;6;7;89;1;118
2012;6;8;112;1;141
2012;6;9;132;0;187
2012;7;;37;0;48
2012;7;1;107;0;120
2012;7;2;70;0;96
2012;7;3;128;0;163
2012;7;4;86;2;99
2012;7;5;93;0;120
2012;7;6;71;0;90
2012;7;7;105;2;136
2012;7;8;105;1;139
2012;7;9;100;1;130
2012;8;;33;0;60
2012;8;1;41;0;50
2012;8;2;39;0;57
2012;8;3;68;1;90
2012;8;4;47;0;71
2012;8;5;50;0;70
2012;8;6;49;0;65
2012;8;7;44;0;54
2012;8;8;82;1;111
2012;8;9;65;0;91
2012;9;;34;0;53
2012;9;1;95;0;116
2012;9;2;57;0;67
2012;9;3;107;2;138
2012;9;4;94;0;111
2012;9;5;91;0;140
2012;9;6;71;1;93
2012;9;7;84;1;114
2012;9;8;106;0;127
2012;9;9;115;0;152
2012;10;;46;0;65
2012;10;1;133;1;173
2012;10;2;84;2;99
2012;10;3;123;1;177
2012;10;4;93;0;121
2012;10;5;116;2;147
2012;10;6;105;0;142
2012;10;7;117;0;148
2012;10;8;144;0;174
2012;10;9;131;0;173
2012;11;;43;0;57
2012;11;1;120;0;157
2012;11;2;51;0;61
2012;11;3;126;0;178
2012;11;4;106;1;151
2012;11;5;105;0;149
2012;11;6;79;1;101
2012;11;7;99;0;133
2012;11;8;140;2;182
2012;11;9;130;0;180
2012;12;;26;0;32
2012;12;1;126;0;161
2012;12;2;51;0;61
2012;12;3;104;0;142
2012;12;4;57;1;67
2012;12;5;76;1;107
2014;1;;54;0;76
2014;1;1;84;0;108
2014;1;2;44;0;58
2014;1;3;66;0;85
2014;1;4;62;0;88
2014;1;5;53;0;75
2014;1;6;58;0;80
2014;1;7;75;0;97
2014;1;8;63;1;74
2014;1;9;77;1;95
2014;2;;27;0;33
2014;2;1;92;0;110
2014;2;2;37;0;50
2014;2;3;86;0;103
2014;2;4;64;0;81
2014;2;5;74;1;108
2014;2;6;65;1;80
2014;2;7;70;0;97
2014;2;8;75;0;115
2014;2;9;94;0;122
2014;3;;37;0;43
2014;3;1;89;0;108
2014;3;2;48;0;67
2014;3;3;87;0;114
2014;3;4;53;1;70
2014;3;5;82;0;104
2014;3;6;68;0;95
2014;3;7;89;0;115
2014;3;8;102;0;119
2014;3;9;104;1;144
2014;4;;57;0;74
2014;4;1;93;0;113
2014;4;2;54;0;67
2014;4;3;91;0;110
2014;4;4;86;1;117
2014;4;5;78;0;99
2014;4;6;71;0;97
2014;4;7;92;1;112
2014;4;8;113;0;143
2014;4;9;102;2;148
2014;5;;37;0;45
2014;5;1;120;1;143
2014;5;2;53;0;58
2014;5;3;96;1;123
2014;5;4;80;0;108
2014;5;5;88;0;108
2014;5;6;77;0;103
2014;5;7;97;2;121
2014;5;8;133;1;157
2014;5;9;105;1;129
2014;6;;41;1;52
2014;6;1;103;0;126
2014;6;2;69;0;91
2014;6;3;98;0;132
2014;6;4;81;4;96
2014;6;5;78;0;116
2014;6;6;69;1;93
2014;6;7;96;0;121
2014;6;8;94;0;121
2014;6;9;95;0;131
2014;7;;46;0;68
2014;7;1;103;0;125
2014;7;2;50;0;63
2014;7;3;92;1;117
2014;7;4;78;1;111
2014;7;5;68;0;94
2014;7;6;70;1;95
2014;7;7;84;1;122
2014;7;8;102;1;127
2014;7;9;76;1;94
2014;8;;23;1;31
2014;8;1;29;0;40
2014;8;2;23;0;29
2014;8;3;44;0;60
2014;8;4;42;0;59
2014;8;5;41;0;63
2014;8;6;31;0;38
2014;8;7;36;0;47
2014;8;8;54;0;79
2014;8;9;53;0;64
2014;9;;55;1;73
2014;9;1;70;0;97
2014;9;2;39;0;48
2014;9;3;104;0;129
2014;9;4;80;0;99
2014;9;5;79;0;103
2014;9;6;79;0;110
2014;9;7;82;1;99
2014;9;8;96;1;123
2014;9;9;101;0;140
2014;10;;76;0;93
2014;10;1;110;2;142
2014;10;2;59;0;74
2014;10;3;92;0;117
2014;10;4;87;0;124
2014;10;5;74;1;89
2014;10;6;83;0;113
2014;10;7;93;0;127
2014;10;8;105;0;136
2014;10;9;96;0;128
2014;11;;106;0;149
2014;11;1;75;0;89
2014;11;2;51;0;63
2014;11;3;76;0;97
2014;11;4;65;0;79
2014;11;5;71;1;95
2014;11;6;58;0;68
2014;11;7;62;1;88
2014;11;8;84;0;104
2014;11;9;82;0;113
2014;12;;114;0;155
2014;12;1;71;1;102
2014;12;2;40;0;49
2014;12;3;76;0;102
2014;12;4;55;1;65
2014;12;5;53;0;79
2014;12;6;49;0;57
2014;12;7;68;0;76
2014;12;8;69;0;86
2014;12;9;84;0;117
2015;1;;161;1;213
2015;1;1;49;0;57
2015;1;2;26;0;40
2015;1;3;67;0;77
2015;1;4;50;0;71
2015;1;5;39;0;59
2015;1;6;52;0;62
2015;1;7;53;1;67
2015;1;8;77;0;92
2015;1;9;78;0;107
2015;2;;415;2;536
2015;2;1;23;0;29
2015;2;2;26;0;32
2015;2;3;33;0;39
2015;2;4;21;0;33
2015;2;5;21;0;25
2015;2;6;17;2;25
2015;2;7;24;1;30
2015;2;8;21;0;24
2015;2;9;30;1;38
2015;3;;36;0;58
2015;3;1;93;1;120
2015;3;2;55;1;69
2015;3;3;106;1;134
2015;3;4;54;1;75
2015;3;5;62;0;88
2015;3;6;75;0;106
2015;3;7;72;0;104
2015;3;8;83;1;106
2015;3;9;88;0;107
2015;4;;32;0;47
2015;4;1;89;0;106
2015;4;2;50;0;69
2015;4;3;108;1;139
2015;4;4;80;0;120
2015;4;5;72;0;87
2015;4;6;59;0;85
2015;4;7;86;1;104
2015;4;8;82;0;117
2015;4;9;105;0;127
2015;5;;48;1;54
2015;5;1;106;0;144
2015;5;2;43;1;58
2015;5;3;82;0;106
2015;5;4;86;0;114
2015;5;5;74;0;105
2015;5;6;80;0;96
2015;5;7;85;2;121
2015;5;8;117;1;154
2015;5;9;105;0;146
2015;6;;37;0;51
2015;6;1;87;0;111
2015;6;2;50;0;62
2015;6;3;106;2;132
2015;6;4;73;1;93
2015;6;5;67;1;88
2015;6;6;77;0;108
2015;6;7;86;1;110
2015;6;8;114;1;161
2015;6;9;95;1;124
2015;7;;47;0;66
2015;7;1;91;0;113
2015;7;2;64;0;89
2015;7;3;97;0;131
2015;7;4;81;0;103
2015;7;5;92;1;110
2015;7;6;81;0;93
2015;7;7;68;0;89
2015;7;8;84;0;108
2015;7;9;103;1;137
2015;8;;19;1;22
2015;8;1;34;0;39
2015;8;2;29;0;40
2015;8;3;42;0;52
2015;8;4;34;0;44
2015;8;5;53;0;85
2015;8;6;31;0;37
2015;8;7;44;0;65
2015;8;8;48;1;57
2015;8;9;51;1;65
2015;9;;49;0;59
2015;9;1;89;1;115
2015;9;2;37;0;49
2015;9;3;81;0;102
2015;9;4;83;1;111
2015;9;5;70;0;95
2015;9;6;78;0;107
2015;9;7;89;1;113
2015;9;8;94;0;124
2015;9;9;94;0;117
2015;10;;40;0;49
2015;10;1;99;1;134
2015;10;2;60;0;75
2015;10;3;130;1;165
2015;10;4;77;0;102
2015;10;5;81;1;101
2015;10;6;74;0;112
2015;10;7;89;0;114
2015;10;8;121;1;165
2015;10;9;110;2;152
2015;11;;26;0;31
2015;11;1;117;0;142
2015;11;2;54;1;65
2015;11;3;82;0;97
2015;11;4;76;0;103
2015;11;5;62;0;87
2015;11;6;80;1;104
2015;11;7;83;1;108
2015;11;8;104;0;136
2015;11;9;92;0;115
2015;12;;28;1;36
2015;12;1;92;0;106
2015;12;2;28;0;40
2015;12;3;66;1;82
2015;12;4;71;0;92
2015;12;5;61;0;82
2015;12;6;60;1;83
2015;12;7;66;0;84
2015;12;8;71;0;106
2015;12;9;82;2;104
2016;1;;33;0;40
2016;1;1;78;1;85
2016;1;2;37;0;51
2016;1;3;67;0;83
2016;1;4;63;0;87
2016;1;5;64;1;84
2016;1;6;43;0;55
2016;1;7;90;2;118
2016;1;8;77;2;111
2016;1;9;85;1;130
2016;2;;48;0;73
2016;2;1;102;0;140
2016;2;2;52;0;60
2016;2;3;77;0;101
2016;2;4;70;0;95
2016;2;5;65;0;90
2016;2;6;46;0;56
2016;2;7;66;0;95
2016;2;8;75;0;111
2016;2;9;105;1;149
2016;3;;35;0;45
2016;3;1;83;0;113
2016;3;2;53;0;73
2016;3;3;73;0;100
2016;3;4;71;1;94
2016;3;5;64;0;87
2016;3;6;71;1;98
2016;3;7;82;0;112
2016;3;8;93;0;131
2016;3;9;103;0;158
2016;4;;39;0;53
2016;4;1;84;0;104
2016;4;2;45;0;62
2016;4;3;111;2;139
2016;4;4;87;0;119
2016;4;5;69;0;97
2016;4;6;73;0;96
2016;4;7;106;0;134
2016;4;8;114;0;139
2016;4;9;93;0;130
2016;5;;36;0;43
2016;5;1;93;0;128
2016;5;2;60;0;80
2016;5;3;114;0;147
2016;5;4;76;1;101
2016;5;5;97;1;132
2016;5;6;64;0;90
2016;5;7;98;0;127
2016;5;8;106;0;154
2016;5;9;122;0;166
2016;6;;46;0;53
2016;6;1;95;1;112
2016;6;2;48;0;59
2016;6;3;98;0;127
2016;6;4;74;0;102
2016;6;5;70;1;96
2016;6;6;61;0;75
2016;6;7;79;0;100
2016;6;8;92;0;121
2016;6;9;104;3;142
2016;7;;32;2;38
2016;7;1;84;0;103
2016;7;2;49;0;58
2016;7;3;98;1;132
2016;7;4;94;1;128
2016;7;5;82;0;100
2016;7;6;75;0;105
2016;7;7;69;0;90
2016;7;8;93;0;138
2016;7;9;94;0;122
2016;8;;18;0;26
2016;8;1;36;0;41
2016;8;2;33;0;49
2016;8;3;52;0;69
2016;8;4;56;0;80
2016;8;5;48;0;61
2016;8;6;30;0;42
2016;8;7;59;1;70
2016;8;8;38;0;53
2016;8;9;59;0;94
2016;9;;45;1;54
2016;9;1;93;0;120
2016;9;2;48;1;53
2016;9;3;85;0;110
2016;9;4;78;2;103
2016;9;5;83;0;120
2016;9;6;67;0;95
2016;9;7;87;1;130
2016;9;8;84;0;109
2016;9;9;104;0;133
2016;10;;51;0;80
2016;10;1;97;0;118
2016;10;2;49;0;67
2016;10;3;94;0;116
2016;10;4;95;1;110
2016;10;5;84;0;107
2016;10;6;79;0;108
2016;10;7;104;1;140
2016;10;8;120;1;144
2016;10;9;100;0;121
2016;11;;59;0;81
2016;11;1;92;0;118
2016;11;2;49;0;67
2016;11;3;89;0;119
2016;11;4;80;3;96
2016;11;5;93;0;121
2016;11;6;65;0;83
2016;11;7;77;1;104
2016;11;8;101;1;140
2016;11;9;114;3;151
2016;12;;38;0;51
2016;12;1;72;0;87
2016;12;2;43;0;62
2016;12;3;71;0;86
2016;12;4;44;0;61
2016;12;5;58;1;80
2016;12;6;47;2;57
2016;12;7;61;1;77
2016;12;8;67;1;81
2016;12;9;79;0;109
2017;1;;38;1;44
2017;1;1;55;0;66
2017;1;2;38;0;51
2017;1;3;57;0;70
2017;1;4;57;1;75
2017;1;5;63;0;85
2017;1;6;67;0;91
2017;1;7;49;1;61
2017;1;8;70;0;94
2017;1;9;68;0;88
2017;2;;31;1;38
2017;2;1;79;0;104
2017;2;2;39;0;58
2017;2;3;68;0;98
2017;2;4;56;0;78
2017;2;5;55;0;73
2017;2;6;52;1;64
2017;2;7;68;2;83
2017;2;8;88;0;108
2017;2;9;61;0;84
2017;3;;42;1;58
2017;3;1;85;0;100
2017;3;2;44;0;55
2017;3;3;89;0;113
2017;3;4;76;0;109
2017;3;5;87;1;112
2017;3;6;80;0;94
2017;3;7;74;0;96
2017;3;8;111;0;153
2017;3;9;100;1;126
2017;4;;44;0;54
2017;4;1;83;0;108
2017;4;2;37;1;54
2017;4;3;91;0;118
2017;4;4;60;1;78
2017;4;5;70;0;98
2017;4;6;60;1;86
2017;4;7;73;0;94
2017;4;8;104;0;143
2017;4;9;95;1;121
2017;5;;31;1;40
2017;5;1;105;0;125
2017;5;2;59;1;75
2017;5;3;106;0;132
2017;5;4;73;0;103
2017;5;5;82;1;106
2017;5;6;61;0;74
2017;5;7;78;0;110
2017;5;8;107;0;126
2017;5;9;92;1;135
2017;6;;22;0;26
2017;6;1;89;0;107
2017;6;2;63;0;76
2017;6;3;118;0;161
2017;6;4;58;0;81
2017;6;5;68;1;91
2017;6;6;94;0;118
2017;6;7;78;0;101
2017;6;8;90;0;110
2017;6;9;79;0;100
2017;7;;49;1;67
2017;7;1;80;0;109
2017;7;2;40;0;48
2017;7;3;97;1;114
2017;7;4;68;1;90
2017;7;5;63;1;85
2017;7;6;60;0;77
2017;7;7;73;0;93
2017;7;8;92;3;115
2017;7;9;69;0;100
2017;8;;27;1;33
2017;8;1;39;0;44
2017;8;2;32;0;39
2017;8;3;67;0;92
2017;8;4;39;0;53
2017;8;5;37;1;60
2017;8;6;41;0;64
2017;8;7;46;0;52
2017;8;8;50;0;63
2017;8;9;50;0;65
2017;9;;37;0;45
2017;9;1;92;0;116
2017;9;2;52;0;67
2017;9;3;101;0;122
2017;9;4;44;0;65
2017;9;5;78;1;101
2017;9;6;62;0;79
2017;9;7;82;2;124
2017;9;8;94;0;114
2017;9;9;104;2;145
2017;10;;33;0;46
2017;10;1;88;0;104
2017;10;2;40;0;58
2017;10;3;108;0;142
2017;10;4;72;0;106
2017;10;5;62;0;74
2017;10;6;81;1;105
2017;10;7;89;0;126
2017;10;8;108;0;133
2017;10;9;109;1;135
2017;11;;39;1;47
2017;11;1;96;0;117
2017;11;2;59;0;74
2017;11;3;85;0;103
2017;11;4;64;0;88
2017;11;5;79;0;101
2017;11;6;67;0;99
2017;11;7;77;1;95
2017;11;8;95;1;116
2017;11;9;112;0;148
2017;12;;35;0;44
2017;12;1;85;1;98
2017;12;2;48;1;61
2017;12;3;76;1;93
2017;12;4;52;0;69
2017;12;5;70;1;86
2017;12;6;56;2;66
2017;12;7;66;2;84
2017;12;8;77;0;104
2017;12;9;87;1;105
2018;1;;36;0;53
2018;1;1;71;0;87
2018;1;2;37;1;52
2018;1;3;87;1;111
2018;1;4;63;0;80
2018;1;5;60;0;76
2018;1;6;67;0;87
2018;1;7;66;1;97
2018;1;8;73;2;92
2018;1;9;75;3;102
2018;2;;52;1;67
2018;2;1;70;1;85
2018;2;2;40;1;53
2018;2;3;71;0;95
2018;2;4;58;0;78
2018;2;5;65;0;84
2018;2;6;55;0;69
2018;2;7;62;0;78
2018;2;8;76;0;108
2018;2;9;78;0;102
2018;3;;32;0;38
2018;3;1;70;1;91
2018;3;2;40;0;50
2018;3;3;75;0;90
2018;3;4;75;0;97
2018;3;5;70;0;98
2018;3;6;54;1;68
2018;3;7;56;0;68
2018;3;8;92;0;126
2018;3;9;89;0;116
2018;4;;32;0;47
2018;4;1;83;1;97
2018;4;2;43;0;56
2018;4;3;68;0;91
2018;4;4;63;0;86
2018;4;5;47;0;61
2018;4;6;74;1;100
2018;4;7;75;0;106
2018;4;8;95;0;134
2018;4;9;95;0;130
2018;5;;39;0;52
2018;5;1;78;0;84
2018;5;2;41;0;59
2018;5;3;108;0;126
2018;5;4;80;0;111
2018;5;5;94;2;122
2018;5;6;68;2;92
2018;5;7;84;0;113
2018;5;8;81;0;114
2018;5;9;128;0;163
2018;6;;23;0;26
2018;6;1;80;0;100
2018;6;2;65;0;85
2018;6;3;99;1;116
2018;6;4;76;1;92
2018;6;5;85;0;107
2018;6;6;89;0;113
2018;6;7;77;0;100
2018;6;8;105;0;135
2018;6;9;95;0;115
2018;7;;30;0;44
2018;7;1;66;0;89
2018;7;2;54;1;69
2018;7;3;93;0;124
2018;7;4;57;0;74
2018;7;5;68;0;98
2018;7;6;87;0;118
2018;7;7;59;1;85
2018;7;8;68;0;95
2018;7;9;85;0;133
2018;8;;23;0;37
2018;8;1;32;0;39
2018;8;2;30;0;44
2018;8;3;43;0;47
2018;8;4;34;0;40
2018;8;5;32;1;36
2018;8;6;23;0;27
2018;8;7;42;0;56
2018;8;8;54;0;71
2018;8;9;56;1;78
2018;9;;39;1;57
2018;9;1;90;0;110
2018;9;2;52;0;70
2018;9;3;92;1;117
2018;9;4;82;0;104
2018;9;5;77;1;97
2018;9;6;74;0;108
2018;9;7;80;3;104
2018;9;8;85;1;107
2018;9;9;87;0;117
2018;10;;36;1;48
2018;10;1;103;0;125
2018;10;2;52;1;67
2018;10;3;111;0;139
2018;10;4;77;2;97
2018;10;5;75;0;92
2018;10;6;72;0;83
2018;10;7;79;0;111
2018;10;8;113;1;137
2018;10;9;119;2;160
2018;11;;30;0;44
2018;11;1;88;0;101
2018;11;2;51;0;58
2018;11;3;82;1;96
2018;11;4;78;0;94
2018;11;5;80;0;98
2018;11;6;77;0;110
2018;11;7;73;1;92
2018;11;8;104;1;128
2018;11;9;119;0;147
2018;12;;23;0;28
2018;12;1;83;0;107
2018;12;2;40;0;57
2018;12;3;81;0;114
2018;12;4;62;0;78
2018;12;5;68;0;87
2018;12;6;62;3;75
2018;12;7;59;1;75
2018;12;8;100;0;128
2018;12;9;78;0;107
